{"config": {"action_hz": 50, "joint_limits": [-2.7, 2.7]}, "data": [{"type": "chirp", "actions": [0.0, 0.180256077680684, 0.380993163072537, 0.6005702440852122, 0.8364968309313053, 1.0852589969710924, 1.3421568215623074, 1.6011687702047304, 1.854862348891581, 2.094373935621518, 2.3094835024333675, 2.4888113197984874, 2.6201628619556567, 2.691044085075216, 2.68936108616612, 2.6043050298360555, 2.4274045946040794, 2.153703990889757, 1.7829955603366119, 1.3210038444725605, 0.7803858517500736, 0.18138451194416944, -0.4480451878912755, -1.072818259206131, -1.6521668061557253, -2.1420540187863346, -2.4985666219344447, -2.682171403722789, -2.6625655878508367, -2.4236784848470183, -1.968215294037813, -1.3210038444725598, -0.5303484167879395, 0.33334988362036844, 1.1822465623105038, 1.91915857945708, 2.44878069473243, 2.6910440850752155, 2.5949905229245767, 2.1509726242389915, 1.398672925307448, 0.4285156998502806, -0.6253526054697419, -1.6011687702047255, -2.3337315765798565, -2.6836945797289853, -2.567152712995837, -1.9794048868049918, -1.006542311830455, 0.18025607768067534, 1.3499999999999934, 2.2548153038460126, 2.683756574159526, 2.5163870865501163, 1.7625227293932786, 0.5751820429424407, -0.7717198635724047, -1.9413006489045859, -2.6174099404966333, -2.5945214922618987, -1.8482771860074596, -0.5619146823288621, 0.9071396861631486, 2.1198304746804717, 2.6865938159755856, 2.3992665281683645, 1.318537209647767, -0.22085824770267382, -1.701800507660554, -2.5942082360997767, -2.5498161996411945, -1.5506630248641267, 0.05428306347872561, 1.6552958306976373, 2.607119519686262, 2.494474737780475, 1.328395046278876, -0.42293157093912626, -2.004976787075686, -2.697108268235942, -2.1506307786653314, -0.5840188970139549, 1.2788762491261956, 2.5288828612465366, 2.517819187653597, 1.2131612962629443, -0.7391460223524202, -2.312699681713088, -2.636690926994735, -1.4946281560482118, 0.5059295493814592, 2.2296152700483725, 2.6504653027696405, 1.4795246113480567, -0.6077351696672656, -2.3311679866382873, -2.584107961847747, -1.164421153057046, 1.033767686287688, 2.5533294263185384, 2.3382685902179903, 0.4953716347605908, -1.7105659149130876, -2.6999501981292937, -1.7193013086826363, 0.5475256974625872, 2.4143852171318634, 2.4355176542278847, 0.5525083589012028, -1.78087134600097, -2.6905307199736623, -1.3991565917212263, 1.0650290133714873, 2.642284796291382, 1.9589000141174013, -0.436330316979094, -2.458222553913224, -2.2824083735418053, -0.024881061652798218, 2.2671783840877247, 2.443033041658269, 0.2940342495239167, -2.149262453148479, -2.4996368602294723, -0.36979328359293523, 2.1420540187863217, 2.4792830235386005, 0.25352946336349885, -2.2476348186913495, -2.37172606396199, 0.05654453368507153, 2.433071419477029, 2.131337304841278, -0.5563824059483209, -2.623939706331877, -1.6881551721064234, 1.2126560800407145, 2.697364001085609, 0.9749802758432323, -1.9286805424042084, -2.489030509288938, 0.022053735194153733, 2.5137131230178413, 1.8354594361587706, -1.1924040493529013, -2.6866500388953156, -0.6692715764770143, 2.239770793768779, 2.158809000923813, -0.8445576378257447]}, {"type": "step", "actions": [-1.0, -1.0, -1.0, -1.0, -1.0, -1.0, -1.0, -1.0, -1.0, -1.0, -1.0, -1.0, -1.0, -1.0, -1.0, -1.0, -1.0, -1.0, -1.0, -1.0, -1.0, -1.0, -1.0, -1.0, -1.0, -1.0, -1.0, -1.0, -1.0, -1.0, -1.0, -1.0, -1.0, -1.0, -1.0, -1.0, -1.0, -1.0, -1.0, -1.0, -1.0, -1.0, -1.0, -1.0, -1.0, -1.0, -1.0, -1.0, -1.0, -1.0]}, {"type": "step", "actions": [-0.9, -0.9, -0.9, -0.9, -0.9, -0.9, -0.9, -0.9, -0.9, -0.9, -0.9, -0.9, -0.9, -0.9, -0.9, -0.9, -0.9, -0.9, -0.9, -0.9, -0.9, -0.9, -0.9, -0.9, -0.9, -0.9, -0.9, -0.9, -0.9, -0.9, -0.9, -0.9, -0.9, -0.9, -0.9, -0.9, -0.9, -0.9, -0.9, -0.9, -0.9, -0.9, -0.9, -0.9, -0.9, -0.9, -0.9, -0.9, -0.9, -0.9]}, {"type": "step", "actions": [-0.5, -0.5, -0.5, -0.5, -0.5, -0.5, -0.5, -0.5, -0.5, -0.5, -0.5, -0.5, -0.5, -0.5, -0.5, -0.5, -0.5, -0.5, -0.5, -0.5, -0.5, -0.5, -0.5, -0.5, -0.5, -0.5, -0.5, -0.5, -0.5, -0.5, -0.5, -0.5, -0.5, -0.5, -0.5, -0.5, -0.5, -0.5, -0.5, -0.5, -0.5, -0.5, -0.5, -0.5, -0.5, -0.5, -0.5, -0.5, -0.5, -0.5]}, {"type": "step", "actions": [-0.1, -0.1, -0.1, -0.1, -0.1, -0.1, -0.1, -0.1, -0.1, -0.1, -0.1, -0.1, -0.1, -0.1, -0.1, -0.1, -0.1, -0.1, -0.1, -0.1, -0.1, -0.1, -0.1, -0.1, -0.1, -0.1, -0.1, -0.1, -0.1, -0.1, -0.1, -0.1, -0.1, -0.1, -0.1, -0.1, -0.1, -0.1, -0.1, -0.1, -0.1, -0.1, -0.1, -0.1, -0.1, -0.1, -0.1, -0.1, -0.1, -0.1]}, {"type": "step", "actions": [0.1, 0.1, 0.1, 0.1, 0.1, 0.1, 0.1, 0.1, 0.1, 0.1, 0.1, 0.1, 0.1, 0.1, 0.1, 0.1, 0.1, 0.1, 0.1, 0.1, 0.1, 0.1, 0.1, 0.1, 0.1, 0.1, 0.1, 0.1, 0.1, 0.1, 0.1, 0.1, 0.1, 0.1, 0.1, 0.1, 0.1, 0.1, 0.1, 0.1, 0.1, 0.1, 0.1, 0.1, 0.1, 0.1, 0.1, 0.1, 0.1, 0.1]}, {"type": "step", "actions": [0.5, 0.5, 0.5, 0.5, 0.5, 0.5, 0.5, 0.5, 0.5, 0.5, 0.5, 0.5, 0.5, 0.5, 0.5, 0.5, 0.5, 0.5, 0.5, 0.5, 0.5, 0.5, 0.5, 0.5, 0.5, 0.5, 0.5, 0.5, 0.5, 0.5, 0.5, 0.5, 0.5, 0.5, 0.5, 0.5, 0.5, 0.5, 0.5, 0.5, 0.5, 0.5, 0.5, 0.5, 0.5, 0.5, 0.5, 0.5, 0.5, 0.5]}, {"type": "step", "actions": [0.9, 0.9, 0.9, 0.9, 0.9, 0.9, 0.9, 0.9, 0.9, 0.9, 0.9, 0.9, 0.9, 0.9, 0.9, 0.9, 0.9, 0.9, 0.9, 0.9, 0.9, 0.9, 0.9, 0.9, 0.9, 0.9, 0.9, 0.9, 0.9, 0.9, 0.9, 0.9, 0.9, 0.9, 0.9, 0.9, 0.9, 0.9, 0.9, 0.9, 0.9, 0.9, 0.9, 0.9, 0.9, 0.9, 0.9, 0.9, 0.9, 0.9]}, {"type": "step", "actions": [1.0, 1.0, 1.0, 1.0, 1.0, 1.0, 1.0, 1.0, 1.0, 1.0, 1.0, 1.0, 1.0, 1.0, 1.0, 1.0, 1.0, 1.0, 1.0, 1.0, 1.0, 1.0, 1.0, 1.0, 1.0, 1.0, 1.0, 1.0, 1.0, 1.0, 1.0, 1.0, 1.0, 1.0, 1.0, 1.0, 1.0, 1.0, 1.0, 1.0, 1.0, 1.0, 1.0, 1.0, 1.0, 1.0, 1.0, 1.0, 1.0, 1.0]}, {"type": "prbs", "actions": [-0.2, -0.2, 0.2, 0.2, 0.2, -0.2, -0.2, -0.2, 0.2, 0.2, 0.2, 0.2, -0.2, -0.2, -0.2, -0.2, 0.2, 0.2, 0.2, -0.2, -0.2, -0.2, 0.2, 0.2, -0.2, -0.2, -0.2, -0.2, -0.2, 0.2, 0.2, 0.2, -0.2, -0.2, 0.2, 0.2, -0.2, -0.2, -0.2, 0.2, 0.2, 0.2, 0.2, 0.2, 0.2, -0.2, -0.2, -0.2, -0.2, -0.2, 0.2, 0.2, 0.2, 0.2, 0.2, 0.2, 0.2, 0.2, 0.2, -0.2, -0.2, -0.2, -0.2, -0.2, -0.2, -0.2, -0.2, 0.2, 0.2, 0.2, 0.2, 0.2, 0.2, 0.2, 0.2, 0.2, 0.2, 0.2, 0.2, -0.2, -0.2, 0.2, 0.2, -0.2, -0.2, 0.2, 0.2, -0.2, -0.2, -0.2, -0.2, -0.2, -0.2, -0.2, 0.2, 0.2, 0.2, -0.2, -0.2, -0.2, 0.2, 0.2, -0.2, -0.2, 0.2, 0.2, 0.2, 0.2, 0.2, -0.2, -0.2, -0.2, -0.2, 0.2, 0.2, 0.2, 0.2, 0.2, 0.2, 0.2, 0.2, 0.2, 0.2, 0.2, 0.2, -0.2, -0.2, -0.2, -0.2, 0.2, 0.2, 0.2, 0.2, 0.2, -0.2, -0.2, -0.2, -0.2, -0.2, -0.2, -0.2, -0.2, 0.2, 0.2, 0.2, 0.2, 0.2, 0.2, 0.2, 0.2]}, {"type": "prbs", "actions": [-0.2, -0.2, -0.2, 0.2, 0.2, 0.2, 0.2, 0.2, 0.2, 0.2, 0.2, 0.2, 0.2, 0.2, 0.2, -0.2, -0.2, -0.2, -0.2, -0.2, 0.2, 0.2, 0.2, -0.2, -0.2, -0.2, 0.2, 0.2, 0.2, 0.2, 0.2, 0.2, 0.2, -0.2, -0.2, -0.2, -0.2, -0.2, -0.2, -0.2, -0.2, 0.2, 0.2, 0.2, -0.2, -0.2, -0.2, -0.2, -0.2, 0.2, 0.2, 0.2, 0.2, 0.2, -0.2, -0.2, -0.2, -0.2, 0.2, 0.2, -0.2, -0.2, -0.2, -0.2, -0.2, -0.2, -0.2, -0.2, -0.2, 0.2, 0.2, 0.2, -0.2, -0.2, 0.2, 0.2, -0.2, -0.2, -0.2, -0.2, -0.2, -0.2, 0.2, 0.2, 0.2, -0.2, -0.2, -0.2, 0.2, 0.2, 0.2, 0.2, -0.2, -0.2, 0.2, 0.2, 0.2, 0.2, -0.2, -0.2, -0.2, -0.2, -0.2, -0.2, 0.2, 0.2, -0.2, -0.2, -0.2, -0.2, -0.2, 0.2, 0.2, 0.2, -0.2, -0.2, -0.2, -0.2, -0.2, -0.2, -0.2, -0.2, 0.2, 0.2, 0.2, 0.2, 0.2, -0.2, -0.2, -0.2, -0.2, -0.2, -0.2, -0.2, -0.2, -0.2, -0.2, -0.2, -0.2, -0.2, -0.2, -0.2, -0.2, -0.2, 0.2, 0.2, -0.2, -0.2, -0.2, -0.2]}, {"type": "prbs",