{"config": {"action_hz": 50, "joint_limits": [-0.625, 0.625]}, "data": [{"type": "chirp", "actions": [0.0, 0.04172594390756574, 0.08819286182234652, 0.13902088983453986, 0.1936335256785429, 0.2512173604099751, 0.31068444943571927, 0.37064091902887275, 0.42936628446564373, 0.48480878139386985, 0.5346026626003166, 0.576113731434835, 0.6065191810082539, 0.6229268715451888, 0.6225372884643796, 0.6028483865361238, 0.5618992117139072, 0.49854259048374006, 0.4127304537816231, 0.3057879269612408, 0.1806448730902948, 0.04198715554263181, -0.10371416386372116, -0.2483375600014192, -0.3824460199434549, -0.49584583768202184, -0.5783719032255659, -0.6208730101210159, -0.6163346268173232, -0.5610366863071801, -0.4556053921383826, -0.30578792696124063, -0.12276583721943043, 0.07716432491212231, 0.273668185720024, 0.4442496711706204, 0.5668473830399143, 0.6229268715451888, 0.6006922506769853, 0.49791032968495164, 0.32376688085820554, 0.09919344903941682, -0.14475754756244025, -0.37064091902887164, -0.5402156427268185, -0.6212255971594872, -0.5942483131934808, -0.45819557564930363, -0.23299590551630903, 0.04172594390756373, 0.31249999999999845, 0.5219479870013918, 0.6212399477221124, 0.5824970107754899, 0.4079913725447404, 0.13314399142186126, -0.17863885730842702, -0.44937515020939484, -0.6058819306705169, -0.6005836787643283, -0.4278419412054304, -0.13007284313168105, 0.20998603846369177, 0.4907014987686276, 0.6218967166610151, 0.5553857704093436, 0.30521694667772387, -0.051124594375618934, -0.3939353026992023, -0.6005111657638371, -0.5902352313984247, -0.3589497742741033, 0.012565523953408705, 0.38317033118000865, 0.6034998888162644, 0.5774247078195544, 0.30749885330529536, -0.09790082660627922, -0.4641149970082606, -0.6243306176472088, -0.49783119876512294, -0.13518955949397105, 0.2960361687792119, 0.585389551214476, 0.5828285156605548, 0.28082437413494077, -0.1710986162852824, -0.5353471485446962, -0.610345121989522, -0.34597873982597493, 0.11711332161607851, 0.5161146458445306, 0.6135336349003797, 0.3424825489231612, -0.14067943742297812, -0.5396222191292331, -0.5981731393166081, -0.2695419335780199, 0.23929807552955737, 0.5910484783144765, 0.5412658773652754, 0.11466935989828492, -0.3959643321558073, -0.6249884717891883, -0.3979864140469065, 0.12674205959782112, 0.558885466928672, 0.5637772347749733, 0.1278954534493525, -0.4122387375002245, -0.6228080370309403, -0.3238788406762097, 0.24653449383599244, 0.6116399991415234, 0.453449077341991, -0.1010023881896051, -0.5690329985910241, -0.5283352716531956, -0.005759505012221809, 0.5248098111314178, 0.565516907791266, 0.06806348368609183, -0.497514456747333, -0.5786196435716371, -0.08560029712799426, 0.49584583768201884, 0.5739081073006019, 0.058687375778587694, -0.5202858376600346, -0.5490106629541643, 0.013089012427099889, 0.5632109767307938, 0.4933651168614068, -0.12879222359914833, -0.6073934505397862, -0.39077666020982016, 0.2807074259353506, 0.624389815066113, 0.22568987866741483, -0.44645382926023336, -0.5761644697428098, 0.005105031294942993, 0.5818780377356114, 0.42487486948119685, -0.27601945586872717, -0.6219097312257675, -0.1549239760363459, 0.5184654615205507, 0.49972430576940113, -0.19549945320040382]}, {"type": "step", "actions": [-1.0, -1.0, -1.0, -1.0, -1.0, -1.0, -1.0, -1.0, -1.0, -1.0, -1.0, -1.0, -1.0, -1.0, -1.0, -1.0, -1.0, -1.0, -1.0, -1.0, -1.0, -1.0, -1.0, -1.0, -1.0, -1.0, -1.0, -1.0, -1.0, -1.0, -1.0, -1.0, -1.0, -1.0, -1.0, -1.0, -1.0, -1.0, -1.0, -1.0, -1.0, -1.0, -1.0, -1.0, -1.0, -1.0, -1.0, -1.0, -1.0, -1.0]}, {"type": "step", "actions": [-0.9, -0.9, -0.9, -0.9, -0.9, -0.9, -0.9, -0.9, -0.9, -0.9, -0.9, -0.9, -0.9, -0.9, -0.9, -0.9, -0.9, -0.9, -0.9, -0.9, -0.9, -0.9, -0.9, -0.9, -0.9, -0.9, -0.9, -0.9, -0.9, -0.9, -0.9, -0.9, -0.9, -0.9, -0.9, -0.9, -0.9, -0.9, -0.9, -0.9, -0.9, -0.9, -0.9, -0.9, -0.9, -0.9, -0.9, -0.9, -0.9, -0.9]}, {"type": "step", "actions": [-0.5, -0.5, -0.5, -0.5, -0.5, -0.5, -0.5, -0.5, -0.5, -0.5, -0.5, -0.5, -0.5, -0.5, -0.5, -0.5, -0.5, -0.5, -0.5, -0.5, -0.5, -0.5, -0.5, -0.5, -0.5, -0.5, -0.5, -0.5, -0.5, -0.5, -0.5, -0.5, -0.5, -0.5, -0.5, -0.5, -0.5, -0.5, -0.5, -0.5, -0.5, -0.5, -0.5, -0.5, -0.5, -0.5, -0.5, -0.5, -0.5, -0.5]}, {"type": "step", "actions": [-0.1, -0.1, -0.1, -0.1, -0.1, -0.1, -0.1, -0.1, -0.1, -0.1, -0.1, -0.1, -0.1, -0.1, -0.1, -0.1, -0.1, -0.1, -0.1, -0.1, -0.1, -0.1, -0.1, -0.1, -0.1, -0.1, -0.1, -0.1, -0.1, -0.1, -0.1, -0.1, -0.1, -0.1, -0.1, -0.1, -0.1, -0.1, -0.1, -0.1, -0.1, -0.1, -0.1, -0.1, -0.1, -0.1, -0.1, -0.1, -0.1, -0.1]}, {"type": "step", "actions": [0.1, 0.1, 0.1, 0.1, 0.1, 0.1, 0.1, 0.1, 0.1, 0.1, 0.1, 0.1, 0.1, 0.1, 0.1, 0.1, 0.1, 0.1, 0.1, 0.1, 0.1, 0.1, 0.1, 0.1, 0.1, 0.1, 0.1, 0.1, 0.1, 0.1, 0.1, 0.1, 0.1, 0.1, 0.1, 0.1, 0.1, 0.1, 0.1, 0.1, 0.1, 0.1, 0.1, 0.1, 0.1, 0.1, 0.1, 0.1, 0.1, 0.1]}, {"type": "step", "actions": [0.5, 0.5, 0.5, 0.5, 0.5, 0.5, 0.5, 0.5, 0.5, 0.5, 0.5, 0.5, 0.5, 0.5, 0.5, 0.5, 0.5, 0.5, 0.5, 0.5, 0.5, 0.5, 0.5, 0.5, 0.5, 0.5, 0.5, 0.5, 0.5, 0.5, 0.5, 0.5, 0.5, 0.5, 0.5, 0.5, 0.5, 0.5, 0.5, 0.5, 0.5, 0.5, 0.5, 0.5, 0.5, 0.5, 0.5, 0.5, 0.5, 0.5]}, {"type": "step", "actions": [0.9, 0.9, 0.9, 0.9, 0.9, 0.9, 0.9, 0.9, 0.9, 0.9, 0.9, 0.9, 0.9, 0.9, 0.9, 0.9, 0.9, 0.9, 0.9, 0.9, 0.9, 0.9, 0.9, 0.9, 0.9, 0.9, 0.9, 0.9, 0.9, 0.9, 0.9, 0.9, 0.9, 0.9, 0.9, 0.9, 0.9, 0.9, 0.9, 0.9, 0.9, 0.9, 0.9, 0.9, 0.9, 0.9, 0.9, 0.9, 0.9, 0.9]}, {"type": "step", "actions": [1.0, 1.0, 1.0, 1.0, 1.0, 1.0, 1.0, 1.0, 1.0, 1.0, 1.0, 1.0, 1.0, 1.0, 1.0, 1.0, 1.0, 1.0, 1.0, 1.0, 1.0, 1.0, 1.0, 1.0, 1.0, 1.0, 1.0, 1.0, 1.0, 1.0, 1.0, 1.0, 1.0, 1.0, 1.0, 1.0, 1.0, 1.0, 1.0, 1.0, 1.0, 1.0, 1.0, 1.0, 1.0, 1.0, 1.0, 1.0, 1.0, 1.0]}, {"type": "prbs", "actions": [0.2, 0.2, 0.2, 0.2, 0.2, -0.2, -0.2, -0.2, -0.2, -0.2, -0.2, -0.2, 0.2, 0.2, 0.2, 0.2, 0.2, 0.2, 0.2, 0.2, 0.2, 0.2, 0.2, -0.2, -0.2, 0.2, 0.2, 0.2, -0.2, -0.2, -0.2, 0.2, 0.2, 0.2, 0.2, -0.2, -0.2, -0.2, -0.2, -0.2, 0.2, 0.2, 0.2, -0.2, -0.2, -0.2, -0.2, -0.2, -0.2, 0.2, 0.2, 0.2, 0.2, -0.2, -0.2, -0.2, -0.2, -0.2, -0.2, -0.2, 0.2, 0.2, -0.2, -0.2, -0.2, -0.2, -0.2, 0.2, 0.2, -0.2, -0.2, -0.2, -0.2, -0.2, -0.2, -0.2, 0.2, 0.2, 0.2, 0.2, 0.2, 0.2, -0.2, -0.2, -0.2, -0.2, 0.2, 0.2, 0.2, 0.2, 0.2, -0.2, -0.2, 0.2, 0.2, -0.2, -0.2, 0.2, 0.2, 0.2, -0.2, -0.2, -0.2, -0.2, -0.2, -0.2, -0.2, -0.2, -0.2, -0.2, 0.2, 0.2, 0.2, 0.2, 0.2, 0.2, 0.2, 0.2, 0.2, 0.2, 0.2, 0.2, 0.2, 0.2, -0.2, -0.2, -0.2, -0.2, -0.2, -0.2, -0.2, -0.2, -0.2, -0.2, -0.2, -0.2, -0.2, 0.2, 0.2, -0.2, -0.2, 0.2, 0.2, 0.2, -0.2, -0.2, -0.2, 0.2, 0.2, 0.2]}, {"type": "prbs", "actions": [0.2, 0.2, 0.2, -0.2, -0.2, -0.2, 0.2, 0.2, 0.2, 0.2, 0.2, 0.2, 0.2, 0.2, 0.2, 0.2, -0.2, -0.2, 0.2, 0.2, 0.2, -0.2, -0.2, -0.2, -0.2, -0.2, -0.2, 0.2, 0.2, -0.2, -0.2, -0.2, -0.2, 0.2, 0.2, 0.2, 0.2, 0.2, 0.2, 0.2, 0.2, -0.2, -0.2, -0.2, -0.2, -0.2, -0.2, 0.2, 0.2, 0.2, 0.2, 0.2, 0.2, -0.2, -0.2, -0.2, -0.2, -0.2, -0.2, -0.2, -0.2, -0.2, 0.2, 0.2, -0.2, -0.2, 0.2, 0.2, 0.2, 0.2, 0.2, 0.2, 0.2, 0.2, 0.2, 0.2, -0.2, -0.2, -0.2, -0.2, -0.2, -0.2, -0.2, -0.2, 0.2, 0.2, 0.2, -0.2, -0.2, 0.2, 0.2, 0.2, 0.2, -0.2, -0.2, -0.2, -0.2, -0.2, 0.2, 0.2, 0.2, 0.2, 0.2, -0.2, -0.2, 0.2, 0.2, 0.2, 0.2, 0.2, 0.2, 0.2, 0.2, 0.2, 0.2, 0.2, -0.2, -0.2, -0.2, -0.2, -0.2, 0.2, 0.2, 0.2, 0.2, 0.2, 0.2, 0.2, -0.2, -0.2, -0.2, -0.2, -0.2, -0.2, 0.2, 0.2, 0.2, -0.2, -0.2, -0.2, 0.2, 0.2, 0.2, 0.2, 0.2, 0.2, 0.2, 0.2, -0.2, -0.2]}, {"type": "prbs",