{"dataset": "real", "config": {"action_hz": 50, "joint_limits": [-0.625, 0.625]}, "data": [{"type": "drop", "targets": ["frictionloss"], "actions": [0.0, 0.0, 0.0, 0.0, 0.0, 0.0, 0.0, 0.0, 0.0, 0.0, 0.0, 0.0, 0.0, 0.0, 0.0, 0.0, 0.0, 0.0, 0.0, 0.0, 0.0, 0.0, 0.0, 0.0, 0.0, 0.0, 0.0, 0.0, 0.0, 0.0, 0.0, 0.0, 0.0, 0.0, 0.0, 0.0, 0.0, 0.0, 0.0, 0.0, 0.0, 0.0, 0.0, 0.0, 0.0, null, null, null, null, null, null, null, null, null, null, null, null, null, null, null, null, null, null, null, null, null, null, null, null, null, null, null, null, null, null, null, null, null, null, null, null, null, null, null, null, null, null, null, null, null, null, null, null, null, null, null, null, null, null, null, null, null, null, null, null, null, null, null, null, null, null, null, null, null, null, null, null, null, null, null, null, null, null, null, null, null, null, null, null, null, null, null, null, null, null, null, null, null, null, null, null, null, null, null, null, null, null, null, null, null, null, null, null, null, null, null, null, null, null, null, null, null, null, null, null, null, null, null, null, null, null, null, null, null, null, null, null, null, null, null, null, null, null, null, null, null, null, null, null, null, null, null, null, null, null, null, null, null, null, null, null, null, null, null, null, null, null, null, null, null, null, null, null, null, null, null, null, null, null, null, null, null, null, null, null, null, null, null, null, null, null, null, null, null, null, null, null, null, null, null, null, null, null, null, null, null, null, null, null, null, null, null, null, null, null, null, null, null, null, null, null, null, null, null, null, null, null, null, null, null, null, null, null, null, null, null, null, null, null, null, null, null, null, null, null, null, null, null, null, null, null, null, null, null], "sensor_data": [0.0, 0.0, 0.0, 0.0, -0.0009768009768009733, -0.0009768009768009733, -0.0009768009768009733, -0.0019536019536019467, -0.0019536019536019467, -0.00146520146520146, -0.0019536019536019467, -0.0019536019536019467, -0.00146520146520146, -0.0019536019536019467, -0.0009768009768009733, -0.00146520146520146, -0.00146520146520146, -0.00146520146520146, -0.00146520146520146, -0.00146520146520146, -0.00146520146520146, -0.0019536019536019467, -0.0019536019536019467, -0.0019536019536019467, -0.00146520146520146, -0.0019536019536019467, -0.0019536019536019467, -0.0019536019536019467, -0.00146520146520146, -0.00146520146520146, -0.0019536019536019467, -0.00146520146520146, -0.00146520146520146, -0.0019536019536019467, -0.0019536019536019467, -0.0019536019536019467, -0.0019536019536019467, -0.0019536019536019467, -0.0019536019536019467, -0.0019536019536019467, -0.0019536019536019467, -0.0019536019536019467, -0.0019536019536019467, -0.0019536019536019467, -0.0034188034188034067, -0.0034188034188034067, -0.00439560439560438, -0.0073260073260073, -0.01172161172161168, -0.015140415140415087, -0.020512820512820662, -0.026373626373626502, -0.0336996336996338, -0.04151404151404159, -0.05030525030525035, -0.059584859584859595, -0.06984126984126982, -0.08107448107448123, -0.09377289377289388, -0.10695970695970702, -0.12063492063492065, -0.13479853479853476, -0.15042735042735056, -0.1675213675213676, -0.18461538461538463, -0.20219780219780215, -0.22026862026862015, -0.23882783882783865, -0.2583638583638581, -0.27887667887667855, -0.299389499389499, -0.31892551892551846, -0.3394383394383389, -0.35897435897435837, -0.3789987789987783, -0.39951159951159876, -0.41758241758241677, -0.4346764346764338, -0.45177045177045083, -0.4673992673992664, -0.48107448107448003, -0.49426129426129317, -0.5064713064713053, -0.518192918192917, -0.5289377289377277, -0.536263736263735, -0.5426129426129414, -0.5470085470085457, -0.5504273504273491, -0.5514041514041501, -0.5514041514041501, -0.5509157509157496, -0.5514041514041501, -0.5509157509157496, -0.5514041514041501, -0.5509157509157496, -0.5509157509157496, -0.5509157509157496, -0.5514041514041501, -0.5509157509157496, -0.5509157509157496, -0.5509157509157496, -0.5509157509157496, -0.5509157509157496, -0.5504273504273491, -0.5509157509157496, -0.5509157509157496, -0.5509157509157496, -0.5509157509157496, -0.5514041514041501, -0.5509157509157496, -0.5509157509157496, -0.5509157509157496, -0.5509157509157496, -0.5509157509157496, -0.5509157509157496, -0.5509157509157496, -0.5509157509157496, -0.5509157509157496, -0.5509157509157496, -0.5509157509157496, -0.5509157509157496, -0.5509157509157496, -0.5514041514041501, -0.5509157509157496, -0.5504273504273491, -0.5509157509157496, -0.5509157509157496, -0.5509157509157496, -0.5509157509157496, -0.5514041514041501, -0.5514041514041501, -0.5509157509157496, -0.5504273504273491, -0.5509157509157496, -0.5509157509157496, -0.5509157509157496, -0.5509157509157496, -0.5509157509157496, -0.5504273504273491, -0.5509157509157496, -0.5509157509157496, -0.5514041514041501, -0.5509157509157496, -0.5514041514041501, -0.5514041514041501, -0.5509157509157496, -0.5509157509157496, -0.5509157509157496, -0.5509157509157496, -0.5509157509157496, -0.5509157509157496, -0.5509157509157496, -0.5514041514041501, -0.5509157509157496, -0.5504273504273491, -0.5514041514041501, -0.5509157509157496, -0.5509157509157496, -0.5509157509157496, -0.5509157509157496, -0.5509157509157496, -0.5509157509157496, -0.5509157509157496, -0.5509157509157496, -0.5514041514041501, -0.5504273504273491, -0.5509157509157496, -0.5509157509157496, -0.5509157509157496, -0.5509157509157496, -0.5509157509157496, -0.5509157509157496, -0.5509157509157496, -0.5514041514041501, -0.5509157509157496, -0.5509157509157496, -0.5514041514041501, -0.5509157509157496, -0.5509157509157496, -0.5509157509157496, -0.5509157509157496, -0.5509157509157496, -0.5509157509157496, -0.5504273504273491, -0.5509157509157496, -0.5509157509157496, -0.5509157509157496, -0.5509157509157496, -0.5509157509157496, -0.5509157509157496, -0.5509157509157496, -0.5509157509157496, -0.5509157509157496, -0.5509157509157496, -0.5509157509157496, -0.5509157509157496, -0.5509157509157496, -0.5509157509157496, -0.5509157509157496, -0.5504273504273491, -0.5509157509157496, -0.5509157509157496, -0.5509157509157496, -0.5504273504273491, -0.5509157509157496, -0.5509157509157496, -0.5514041514041501, -0.5504273504273491, -0.5509157509157496, -0.5509157509157496, -0.5509157509157496, -0.5509157509157496, -0.5509157509157496, -0.5509157509157496, -0.5509157509157496, -0.5509157509157496, -0.5509157509157496, -0.5509157509157496, -0.5509157509157496, -0.5509157509157496, -0.5509157509157496, -0.5509157509157496, -0.5504273504273491, -0.5509157509157496, -0.5509157509157496, -0.5509157509157496, -0.5509157509157496, -0.5509157509157496, -0.5509157509157496, -0.5509157509157496, -0.5509157509157496, -0.5509157509157496, -0.5509157509157496, -0.5509157509157496, -0.5509157509157496, -0.5509157509157496, -0.5514041514041501, -0.5509157509157496, -0.5509157509157496, -0.5509157509157496, -0.5509157509157496, -0.5504273504273491, -0.5509157509157496, -0.5514041514041501, -0.5514041514041501, -0.5509157509157496, -0.5509157509157496, -0.5509157509157496, -0.5509157509157496, -0.5509157509157496, -0.5514041514041501, -0.5509157509157496, -0.5509157509157496, -0.5509157509157496, -0.5514041514041501, -0.5514041514041501, -0.5509157509157496, -0.5509157509157496, -0.5509157509157496, -0.5509157509157496, -0.5509157509157496, -0.5509157509157496, -0.5509157509157496, -0.5509157509157496, -0.5509157509157496, -0.5509157509157496, -0.5509157509157496, -0.5509157509157496, -0.5509157509157496, -0.5509157509157496, -0.5509157509157496, -0.5509157509157496, -0.5509157509157496, -0.5509157509157496, -0.5509157509157496, -0.5509157509157496, -0.5509157509157496, -0.5509157509157496, -0.5504273504273491, -0.5509157509157496, -0.5509157509157496, -0.5509157509157496, -0.5509157509157496, -0.5509157509157496, -0.5509157509157496, -0.5504273504273491, -0.5509157509157496, 